{"0.02": 0.5115985881399853, "0.03": 0.24618086557245902, "0.04": 0.8059775463072725, "0.05": 0.03579905876793047, "0.06": 0.0047156644006611645, "0.07": 0.007622232266398079}